<?xml version="1.0" encoding="UTF-8"?>
<project-private xmlns="http://www.netbeans.org/ns/project-private/1">
    <editor-bookmarks xmlns="http://www.netbeans.org/ns/editor-bookmarks/2" lastBookmarkId="0"/>
    <open-files xmlns="http://www.netbeans.org/ns/projectui-open-files/2">
        <group>
            <file>file:/C:/Users/admin/OneDrive/Documents/NetBeansProjects/java%20ca2/web/signup.jsp</file>
            <file>file:/C:/Users/admin/OneDrive/Documents/NetBeansProjects/java%20ca2/src/java/AppointmentServlet.java</file>
            <file>file:/C:/Users/admin/OneDrive/Documents/NetBeansProjects/java%20ca2/src/java/LoginServlet.java</file>
            <file>file:/C:/Users/admin/OneDrive/Documents/NetBeansProjects/java%20ca2/web/style.css</file>
        </group>
    </open-files>
</project-private>
