<?xml version="1.0" encoding="UTF-8"?>
<project-private xmlns="http://www.netbeans.org/ns/project-private/1">
    <editor-bookmarks xmlns="http://www.netbeans.org/ns/editor-bookmarks/2" lastBookmarkId="0"/>
    <open-files xmlns="http://www.netbeans.org/ns/projectui-open-files/2">
        <group>
            <file>file:/C:/Users/admin/OneDrive/Documents/NetBeansProjects/hospit9117/web/delete_doctor.jsp</file>
            <file>file:/C:/Users/admin/OneDrive/Documents/NetBeansProjects/hospit9117/web/view_patients.jsp</file>
            <file>file:/C:/Users/admin/OneDrive/Documents/NetBeansProjects/hospit9117/web/adminDashboard.jsp</file>
            <file>file:/C:/Users/admin/OneDrive/Documents/NetBeansProjects/hospit9117/web/index.html</file>
            <file>file:/C:/Users/admin/OneDrive/Documents/NetBeansProjects/hospit9117/web/style.css</file>
            <file>file:/C:/Users/admin/OneDrive/Documents/NetBeansProjects/hospit9117/web/update_doctor.jsp</file>
            <file>file:/C:/Users/admin/OneDrive/Documents/NetBeansProjects/hospit9117/web/WEB-INF/web.xml</file>
            <file>file:/C:/Users/admin/OneDrive/Documents/NetBeansProjects/hospit9117/web/home.jsp</file>
            <file>file:/C:/Users/admin/OneDrive/Documents/NetBeansProjects/hospit9117/web/view_doctors.jsp</file>
            <file>file:/C:/Users/admin/OneDrive/Documents/NetBeansProjects/hospit9117/web/signup.jsp</file>
            <file>file:/C:/Users/admin/OneDrive/Documents/NetBeansProjects/hospit9117/web/dashboard.jsp</file>
            <file>file:/C:/Users/admin/OneDrive/Documents/NetBeansProjects/hospit9117/src/java/FeedbackServlet.java</file>
            <file>file:/C:/Users/admin/OneDrive/Documents/NetBeansProjects/hospit9117/web/feedback.jsp</file>
            <file>file:/C:/Users/admin/OneDrive/Documents/NetBeansProjects/hospit9117/web/doctorDashboard.jsp</file>
            <file>file:/C:/Users/admin/OneDrive/Documents/NetBeansProjects/hospit9117/web/patientDashboard.jsp</file>
            <file>file:/C:/Users/admin/OneDrive/Documents/NetBeansProjects/hospit9117/web/contact.jsp</file>
            <file>file:/C:/Users/admin/OneDrive/Documents/NetBeansProjects/hospit9117/web/logout.jsp</file>
            <file>file:/C:/Users/admin/OneDrive/Documents/NetBeansProjects/hospit9117/web/reception.jsp</file>
            <file>file:/C:/Users/admin/OneDrive/Documents/NetBeansProjects/hospit9117/web/login.jsp</file>
            <file>file:/C:/Users/admin/OneDrive/Documents/NetBeansProjects/hospit9117/web/auth-style2.css</file>
            <file>file:/C:/Users/admin/OneDrive/Documents/NetBeansProjects/hospit9117/web/add_doctor_process.jsp</file>
            <file>file:/C:/Users/admin/OneDrive/Documents/NetBeansProjects/hospit9117/web/about.jsp</file>
            <file>file:/C:/Users/admin/OneDrive/Documents/NetBeansProjects/hospit9117/web/add_doctor.jsp</file>
            <file>file:/C:/Users/admin/OneDrive/Documents/NetBeansProjects/hospit9117/web/update_doctor_process.jsp</file>
        </group>
    </open-files>
</project-private>
