<?xml version="1.0" encoding="UTF-8"?>
<project-private xmlns="http://www.netbeans.org/ns/project-private/1">
    <editor-bookmarks xmlns="http://www.netbeans.org/ns/editor-bookmarks/2" lastBookmarkId="0"/>
    <open-files xmlns="http://www.netbeans.org/ns/projectui-open-files/2">
        <group>
            <file>file:/C:/Users/admin/OneDrive/Documents/NetBeansProjects/hospitalproject/web/login.jsp</file>
            <file>file:/C:/Users/admin/OneDrive/Documents/NetBeansProjects/hospitalproject/web/logout.jsp</file>
            <file>file:/C:/Users/admin/OneDrive/Documents/NetBeansProjects/hospitalproject/web/contact.html</file>
            <file>file:/C:/Users/admin/OneDrive/Documents/NetBeansProjects/hospitalproject/web/signup.jsp</file>
            <file>file:/C:/Users/admin/OneDrive/Documents/NetBeansProjects/hospitalproject/src/java/SignupServlet.java</file>
            <file>file:/C:/Users/admin/OneDrive/Documents/NetBeansProjects/hospitalproject/web/doctorDashboard.jsp</file>
            <file>file:/C:/Users/admin/OneDrive/Documents/NetBeansProjects/hospitalproject/web/index.html</file>
            <file>file:/C:/Users/admin/OneDrive/Documents/NetBeansProjects/hospitalproject/web/dashboard.jsp</file>
            <file>file:/C:/Users/admin/OneDrive/Documents/NetBeansProjects/hospitalproject/src/java/AppointmentServlet.java</file>
            <file>file:/C:/Users/admin/OneDrive/Documents/NetBeansProjects/hospitalproject/web/style.css</file>
            <file>file:/C:/Users/admin/OneDrive/Documents/NetBeansProjects/hospitalproject/src/java/deletePatientServlet.java</file>
            <file>file:/C:/Users/admin/OneDrive/Documents/NetBeansProjects/hospitalproject/src/java/updatePatientServlet.java</file>
            <file>file:/C:/Users/admin/OneDrive/Documents/NetBeansProjects/hospitalproject/web/updatePatientStatus.jsp</file>
            <file>file:/C:/Users/admin/OneDrive/Documents/NetBeansProjects/hospitalproject/src/java/LoginServlet.java</file>
            <file>file:/C:/Users/admin/OneDrive/Documents/NetBeansProjects/hospitalproject/src/java/addPatientServlet.java</file>
        </group>
    </open-files>
</project-private>
